code,location,registered,envelopes,valid,Občanská demokratická strana,Řád národa - Vlastenecká unie,CESTA ODPOVĚDNÉ SPOLEČNOSTI,Česká str.sociálně demokrat.,Radostné Česko,STAROSTOVÉ A NEZÁVISLÍ,Komunistická str.Čech a Moravy,Strana zelených,"ROZUMNÍ-stop migraci,diktát.EU",Strana svobodných občanů,Blok proti islam.-Obran.domova,Občanská demokratická aliance,Česká pirátská strana,Unie H.A.V.E.L.,Referendum o Evropské unii,TOP 09,ANO 2011,Dobrá volba 2016,SPR-Republ.str.Čsl. M.Sládka,Křesť.demokr.unie-Čs.str.lid.,Česká strana národně sociální,REALISTÉ,SPORTOVCI,Dělnic.str.sociální spravedl.,Svob.a př.dem.-T.Okamura (SPD),Strana Práv Občanů
529303,Benešov,13104,8485,8437,1052,"12,46",10,"0,11",2,"0,02",624,"7,39",3,"0,03",802,"9,50",597,"7,07",109,"1,29",35,"0,41",112,"1,32",6,"0,07",11,"0,13",948,"11,23",3,"0,03",6,"0,07",414,"4,90",2577,"30,54",3,"0,03",21,"0,24",314,"3,72",5,"0,05",58,"0,68",17,"0,20",16,"0,18",682,"8,08",10,"0,11"
532568,Bernartice,191,148,148,4,"2,70",0,"0,00",0,"0,00",17,"11,48",0,"0,00",6,"4,05",7,"4,72",1,"0,67",4,"2,70",0,"0,00",0,"0,00",0,"0,00",7,"4,72",0,"0,00",0,"0,00",3,"2,02",39,"26,35",0,"0,00",0,"0,00",37,"25,00",0,"0,00",3,"2,02",0,"0,00",0,"0,00",20,"13,51",0,"0,00"
530743,Bílkovice,170,121,118,7,"5,93",0,"0,00",0,"0,00",15,"12,71",0,"0,00",8,"6,77",18,"15,25",0,"0,00",2,"1,69",0,"0,00",0,"0,00",0,"0,00",3,"2,54",0,"0,00",0,"0,00",2,"1,69",47,"39,83",1,"0,84",0,"0,00",6,"5,08",0,"0,00",0,"0,00",0,"0,00",0,"0,00",9,"7,62",0,"0,00"
532380,Blažejovice,96,80,77,6,"7,79",0,"0,00",0,"0,00",5,"6,49",0,"0,00",3,"3,89",11,"14,28",0,"0,00",0,"0,00",3,"3,89",0,"0,00",0,"0,00",5,"6,49",1,"1,29",0,"0,00",0,"0,00",29,"37,66",0,"0,00",0,"0,00",6,"7,79",0,"0,00",0,"0,00",0,"0,00",0,"0,00",8,"10,38",0,"0,00"
532096,Borovnice,73,54,53,2,"3,77",0,"0,00",0,"0,00",2,"3,77",0,"0,00",4,"7,54",4,"7,54",1,"1,88",0,"0,00",1,"1,88",0,"0,00",0,"0,00",3,"5,66",0,"0,00",0,"0,00",1,"1,88",29,"54,71",0,"0,00",0,"0,00",5,"9,43",0,"0,00",0,"0,00",0,"0,00",0,"0,00",1,"1,88",0,"0,00"
532924,Bukovany,598,393,393,50,"12,72",0,"0,00",0,"0,00",20,"5,08",0,"0,00",53,"13,48",20,"5,08",8,"2,03",0,"0,00",6,"1,52",0,"0,00",0,"0,00",49,"12,46",0,"0,00",1,"0,25",11,"2,79",127,"32,31",0,"0,00",4,"1,01",8,"2,03",0,"0,00",1,"0,25",1,"0,25",4,"1,01",30,"7,63",0,"0,00"
529451,Bystřice,3490,2206,2200,204,"9,27",6,"0,27",2,"0,09",187,"8,50",0,"0,00",158,"7,18",136,"6,18",25,"1,13",12,"0,54",11,"0,50",1,"0,04",1,"0,04",223,"10,13",3,"0,13",1,"0,04",96,"4,36",826,"37,54",1,"0,04",1,"0,04",72,"3,27",0,"0,00",9,"0,40",5,"0,22",4,"0,18",211,"9,59",5,"0,22"
532690,Ctiboř,106,83,83,3,"3,61",0,"0,00",0,"0,00",5,"6,02",0,"0,00",4,"4,81",4,"4,81",2,"2,40",0,"0,00",1,"1,20",0,"0,00",0,"0,00",11,"13,25",0,"0,00",0,"0,00",2,"2,40",35,"42,16",0,"0,00",0,"0,00",11,"13,25",0,"0,00",0,"0,00",0,"0,00",0,"0,00",5,"6,02",0,"0,00"
529478,Čakov,93,71,71,7,"9,85",0,"0,00",0,"0,00",6,"8,45",0,"0,00",8,"11,26",3,"4,22",0,"0,00",0,"0,00",2,"2,81",0,"0,00",0,"0,00",6,"8,45",0,"0,00",0,"0,00",8,"11,26",15,"21,12",0,"0,00",0,"0,00",6,"8,45",0,"0,00",0,"0,00",0,"0,00",0,"0,00",10,"14,08",0,"0,00"
529486,Čechtice,1140,750,744,70,"9,40",1,"0,13",1,"0,13",54,"7,25",2,"0,26",50,"6,72",75,"10,08",5,"0,67",6,"0,80",15,"2,01",0,"0,00",0,"0,00",58,"7,79",1,"0,13",0,"0,00",35,"4,70",226,"30,37",0,"0,00",3,"0,40",81,"10,88",1,"0,13",8,"1,07",2,"0,26",2,"0,26",44,"5,91",4,"0,53"
529516,Čerčany,2195,1453,1443,200,"13,86",1,"0,06",0,"0,00",97,"6,72",1,"0,06",126,"8,73",66,"4,57",22,"1,52",11,"0,76",15,"1,03",0,"0,00",1,"0,06",191,"13,23",0,"0,00",1,"0,06",107,"7,41",424,"29,38",1,"0,06",9,"0,62",52,"3,60",1,"0,06",12,"0,83",3,"0,20",1,"0,06",98,"6,79",3,"0,20"
529532,Červený Újezd,258,187,187,13,"6,95",0,"0,00",0,"0,00",5,"2,67",0,"0,00",13,"6,95",15,"8,02",3,"1,60",2,"1,06",3,"1,60",0,"0,00",2,"1,06",23,"12,29",0,"0,00",0,"0,00",3,"1,60",53,"28,34",0,"0,00",0,"0,00",30,"16,04",0,"0,00",4,"2,13",0,"0,00",0,"0,00",18,"9,62",0,"0,00"
529541,Český Šternberk,129,82,82,9,"10,97",0,"0,00",0,"0,00",3,"3,65",0,"0,00",6,"7,31",3,"3,65",1,"1,21",0,"0,00",1,"1,21",0,"0,00",0,"0,00",6,"7,31",0,"0,00",0,"0,00",8,"9,75",25,"30,48",0,"0,00",0,"0,00",3,"3,65",0,"0,00",0,"0,00",0,"0,00",0,"0,00",17,"20,73",0,"0,00"
529567,Čtyřkoly,539,403,400,72,"18,00",0,"0,00",0,"0,00",20,"5,00",1,"0,25",43,"10,75",15,"3,75",1,"0,25",2,"0,50",11,"2,75",2,"0,50",0,"0,00",46,"11,50",0,"0,00",0,"0,00",39,"9,75",91,"22,75",0,"0,00",1,"0,25",11,"2,75",0,"0,00",4,"1,00",0,"0,00",0,"0,00",38,"9,50",3,"0,75"
532746,Děkanovice,49,40,40,0,"0,00",0,"0,00",0,"0,00",2,"5,00",0,"0,00",0,"0,00",3,"7,50",0,"0,00",0,"0,00",0,"0,00",0,"0,00",0,"0,00",3,"7,50",0,"0,00",0,"0,00",0,"0,00",13,"32,50",0,"0,00",0,"0,00",11,"27,50",0,"0,00",0,"0,00",0,"0,00",0,"0,00",8,"20,00",0,"0,00"
529621,Divišov,1305,830,816,52,"6,37",0,"0,00",0,"0,00",60,"7,35",1,"0,12",86,"10,53",78,"9,55",3,"0,36",7,"0,85",14,"1,71",2,"0,24",1,"0,12",76,"9,31",0,"0,00",1,"0,12",39,"4,77",256,"31,37",0,"0,00",2,"0,24",49,"6,00",0,"0,00",4,"0,49",3,"0,36",0,"0,00",79,"9,68",3,"0,36"
529648,Dolní Kralovice,727,445,445,24,"5,39",0,"0,00",0,"0,00",45,"10,11",0,"0,00",24,"5,39",66,"14,83",8,"1,79",2,"0,44",9,"2,02",0,"0,00",0,"0,00",47,"10,56",0,"0,00",1,"0,22",9,"2,02",150,"33,70",0,"0,00",1,"0,22",30,"6,74",0,"0,00",0,"0,00",2,"0,44",0,"0,00",26,"5,84",1,"0,22"
532151,Drahňovice,70,58,57,8,"14,03",0,"0,00",0,"0,00",1,"1,75",0,"0,00",2,"3,50",1,"1,75",1,"1,75",0,"0,00",1,"1,75",0,"0,00",0,"0,00",6,"10,52",0,"0,00",0,"0,00",3,"5,26",18,"31,57",0,"0,00",1,"1,75",5,"8,77",0,"0,00",1,"1,75",0,"0,00",0,"0,00",9,"15,78",0,"0,00"
532843,Dunice,55,38,38,5,"13,15",0,"0,00",0,"0,00",6,"15,78",0,"0,00",3,"7,89",3,"7,89",0,"0,00",0,"0,00",0,"0,00",0,"0,00",0,"0,00",5,"13,15",0,"0,00",0,"0,00",1,"2,63",10,"26,31",0,"0,00",0,"0,00",4,"10,52",0,"0,00",0,"0,00",0,"0,00",0,"0,00",1,"2,63",0,"0,00"
529702,Heřmaničky,571,375,374,27,"7,21",1,"0,26",0,"0,00",22,"5,88",0,"0,00",34,"9,09",39,"10,42",4,"1,06",3,"0,80",0,"0,00",0,"0,00",0,"0,00",25,"6,68",0,"0,00",1,"0,26",10,"2,67",143,"38,23",0,"0,00",0,"0,00",14,"3,74",1,"0,26",5,"1,33",0,"0,00",2,"0,53",43,"11,49",0,"0,00"
532932,Hradiště,24,19,19,0,"0,00",0,"0,00",0,"0,00",0,"0,00",0,"0,00",0,"0,00",1,"5,26",0,"0,00",0,"0,00",1,"5,26",0,"0,00",0,"0,00",3,"15,78",0,"0,00",0,"0,00",0,"0,00",10,"52,63",0,"0,00",0,"0,00",2,"10,52",0,"0,00",1,"5,26",0,"0,00",0,"0,00",1,"5,26",0,"0,00"
529737,Hulice,237,173,173,20,"11,56",0,"0,00",0,"0,00",11,"6,35",0,"0,00",11,"6,35",20,"11,56",1,"0,57",0,"0,00",2,"1,15",0,"0,00",0,"0,00",12,"6,93",0,"0,00",0,"0,00",4,"2,31",70,"40,46",0,"0,00",1,"0,57",6,"3,46",0,"0,00",0,"0,00",1,"0,57",0,"0,00",13,"7,51",1,"0,57"
529745,Hvězdonice,257,189,189,23,"12,16",1,"0,52",0,"0,00",6,"3,17",0,"0,00",13,"6,87",14,"7,40",1,"0,52",4,"2,11",1,"0,52",1,"0,52",0,"0,00",32,"16,93",0,"0,00",0,"0,00",12,"6,34",49,"25,92",0,"0,00",0,"0,00",0,"0,00",0,"0,00",1,"0,52",0,"0,00",0,"0,00",31,"16,40",0,"0,00"
532886,Chářovice,145,114,112,8,"7,14",1,"0,89",0,"0,00",11,"9,82",0,"0,00",15,"13,39",17,"15,17",0,"0,00",1,"0,89",4,"3,57",0,"0,00",1,"0,89",10,"8,92",0,"0,00",0,"0,00",0,"0,00",37,"33,03",1,"0,89",1,"0,89",0,"0,00",0,"0,00",0,"0,00",0,"0,00",0,"0,00",5,"4,46",0,"0,00"
532878,Chleby,46,33,32,3,"9,37",0,"0,00",0,"0,00",0,"0,00",0,"0,00",9,"28,12",2,"6,25",1,"3,12",1,"3,12",0,"0,00",0,"0,00",0,"0,00",2,"6,25",0,"0,00",0,"0,00",0,"0,00",10,"31,25",0,"0,00",0,"0,00",1,"3,12",0,"0,00",0,"0,00",0,"0,00",0,"0,00",3,"9,37",0,"0,00"
532045,Chlístov,278,177,176,29,"16,47",0,"0,00",0,"0,00",5,"2,84",0,"0,00",18,"10,22",5,"2,84",5,"2,84",0,"0,00",2,"1,13",0,"0,00",0,"0,00",32,"18,18",0,"0,00",0,"0,00",7,"3,97",62,"35,22",0,"0,00",0,"0,00",3,"1,70",0,"0,00",2,"1,13",0,"0,00",1,"0,56",5,"2,84",0,"0,00"
529770,Chlum,112,87,87,5,"5,74",0,"0,00",0,"0,00",3,"3,44",0,"0,00",5,"5,74",6,"6,89",0,"0,00",0,"0,00",0,"0,00",0,"0,00",0,"0,00",4,"4,59",0,"0,00",0,"0,00",0,"0,00",51,"58,62",0,"0,00",0,"0,00",6,"6,89",0,"0,00",0,"0,00",0,"0,00",1,"1,14",6,"6,89",0,"0,00"
529788,Chmelná,112,95,95,4,"4,21",0,"0,00",0,"0,00",8,"8,42",0,"0,00",4,"4,21",0,"0,00",1,"1,05",1,"1,05",0,"0,00",0,"0,00",0,"0,00",11,"11,57",0,"0,00",0,"0,00",4,"4,21",23,"24,21",0,"0,00",0,"0,00",33,"34,73",0,"0,00",0,"0,00",1,"1,05",0,"0,00",5,"5,26",0,"0,00"
529796,Chocerady,991,664,659,74,"11,22",1,"0,15",1,"0,15",50,"7,58",0,"0,00",42,"6,37",51,"7,73",9,"1,36",4,"0,60",12,"1,82",0,"0,00",2,"0,30",119,"18,05",1,"0,15",0,"0,00",46,"6,98",171,"25,94",0,"0,00",1,"0,15",12,"1,82",0,"0,00",8,"1,21",2,"0,30",0,"0,00",53,"8,04",0,"0,00"
532606,Choratice,58,34,34,5,"14,70",0,"0,00",0,"0,00",2,"5,88",0,"0,00",4,"11,76",1,"2,94",0,"0,00",1,"2,94",0,"0,00",0,"0,00",0,"0,00",0,"0,00",0,"0,00",0,"0,00",3,"8,82",10,"29,41",0,"0,00",0,"0,00",6,"17,64",0,"0,00",0,"0,00",0,"0,00",0,"0,00",2,"5,88",0,"0,00"
529818,Chotýšany,434,294,292,27,"9,24",0,"0,00",0,"0,00",29,"9,93",0,"0,00",31,"10,61",16,"5,47",1,"0,34",5,"1,71",6,"2,05",1,"0,34",0,"0,00",35,"11,98",0,"0,00",1,"0,34",5,"1,71",91,"31,16",0,"0,00",0,"0,00",7,"2,39",0,"0,00",1,"0,34",1,"0,34",2,"0,68",33,"11,30",0,"0,00"
532037,Chrášťany,187,123,123,20,"16,26",0,"0,00",0,"0,00",1,"0,81",0,"0,00",9,"7,31",14,"11,38",1,"0,81",1,"0,81",0,"0,00",1,"0,81",0,"0,00",20,"16,26",0,"0,00",0,"0,00",4,"3,25",40,"32,52",0,"0,00",0,"0,00",9,"7,31",0,"0,00",0,"0,00",0,"0,00",0,"0,00",3,"2,43",0,"0,00"
529842,Jankov,748,430,429,23,"5,36",0,"0,00",0,"0,00",28,"6,52",1,"0,23",51,"11,88",34,"7,92",3,"0,69",2,"0,46",5,"1,16",0,"0,00",0,"0,00",49,"11,42",0,"0,00",0,"0,00",24,"5,59",145,"33,79",0,"0,00",3,"0,69",20,"4,66",0,"0,00",1,"0,23",2,"0,46",1,"0,23",35,"8,15",2,"0,46"
529851,Javorník,104,79,79,3,"3,79",0,"0,00",0,"0,00",11,"13,92",0,"0,00",7,"8,86",5,"6,32",2,"2,53",1,"1,26",0,"0,00",0,"0,00",0,"0,00",9,"11,39",0,"0,00",0,"0,00",0,"0,00",20,"25,31",0,"0,00",0,"0,00",6,"7,59",0,"0,00",2,"2,53",0,"0,00",0,"0,00",13,"16,45",0,"0,00"
532134,Ješetice,106,68,67,2,"2,98",0,"0,00",0,"0,00",4,"5,97",0,"0,00",6,"8,95",6,"8,95",0,"0,00",0,"0,00",1,"1,49",0,"0,00",0,"0,00",7,"10,44",0,"0,00",1,"1,49",1,"1,49",19,"28,35",0,"0,00",0,"0,00",5,"7,46",0,"0,00",0,"0,00",0,"0,00",0,"0,00",15,"22,38",0,"0,00"
531031,Kamberk,121,82,81,17,"20,98",0,"0,00",0,"0,00",5,"6,17",0,"0,00",2,"2,46",1,"1,23",0,"0,00",0,"0,00",2,"2,46",0,"0,00",0,"0,00",9,"11,11",0,"0,00",0,"0,00",6,"7,40",28,"34,56",0,"0,00",0,"0,00",1,"1,23",0,"0,00",2,"2,46",0,"0,00",0,"0,00",8,"9,87",0,"0,00"
529907,Keblov,155,99,99,10,"10,10",0,"0,00",0,"0,00",10,"10,10",0,"0,00",8,"8,08",10,"10,10",0,"0,00",1,"1,01",1,"1,01",0,"0,00",0,"0,00",6,"6,06",0,"0,00",0,"0,00",2,"2,02",34,"34,34",0,"0,00",1,"1,01",3,"3,03",0,"0,00",2,"2,02",0,"0,00",0,"0,00",11,"11,11",0,"0,00"
533084,Kladruby,245,183,182,14,"7,69",0,"0,00",0,"0,00",9,"4,94",0,"0,00",15,"8,24",17,"9,34",1,"0,54",1,"0,54",4,"2,19",0,"0,00",0,"0,00",24,"13,18",0,"0,00",0,"0,00",11,"6,04",47,"25,82",0,"0,00",1,"0,54",19,"10,43",0,"0,00",2,"1,09",0,"0,00",0,"0,00",16,"8,79",1,"0,54"
529931,Kondrac,383,272,267,28,"10,48",2,"0,74",0,"0,00",35,"13,10",0,"0,00",29,"10,86",24,"8,98",1,"0,37",6,"2,24",1,"0,37",0,"0,00",1,"0,37",28,"10,48",0,"0,00",0,"0,00",5,"1,87",66,"24,71",0,"0,00",0,"0,00",19,"7,11",0,"0,00",0,"0,00",0,"0,00",0,"0,00",22,"8,23",0,"0,00"
529940,Kozmice,241,171,170,21,"12,35",0,"0,00",0,"0,00",12,"7,05",0,"0,00",6,"3,52",13,"7,64",2,"1,17",5,"2,94",2,"1,17",0,"0,00",0,"0,00",19,"11,17",0,"0,00",0,"0,00",11,"6,47",60,"35,29",0,"0,00",1,"0,58",5,"2,94",0,"0,00",0,"0,00",0,"0,00",1,"0,58",11,"6,47",1,"0,58"
529958,Krhanice,765,505,502,70,"13,94",1,"0,19",0,"0,00",20,"3,98",0,"0,00",58,"11,55",27,"5,37",7,"1,39",3,"0,59",7,"1,39",0,"0,00",1,"0,19",68,"13,54",1,"0,19",0,"0,00",31,"6,17",139,"27,68",0,"0,00",0,"0,00",19,"3,78",1,"0,19",1,"0,19",1,"0,19",4,"0,79",43,"8,56",0,"0,00"
529974,Krňany,361,242,241,38,"15,76",1,"0,41",0,"0,00",10,"4,14",0,"0,00",12,"4,97",20,"8,29",2,"0,82",0,"0,00",6,"2,48",0,"0,00",1,"0,41",27,"11,20",0,"0,00",0,"0,00",19,"7,88",69,"28,63",0,"0,00",2,"0,82",1,"0,41",0,"0,00",4,"1,65",0,"0,00",1,"0,41",27,"11,20",1,"0,41"
529991,Křečovice,632,451,448,30,"6,69",0,"0,00",1,"0,22",24,"5,35",0,"0,00",47,"10,49",40,"8,92",8,"1,78",5,"1,11",0,"0,00",1,"0,22",0,"0,00",55,"12,27",1,"0,22",0,"0,00",28,"6,25",141,"31,47",0,"0,00",1,"0,22",37,"8,25",0,"0,00",2,"0,44",1,"0,22",2,"0,44",24,"5,35",0,"0,00"
530000,Křivsoudov,351,222,222,17,"7,65",0,"0,00",0,"0,00",16,"7,20",0,"0,00",19,"8,55",11,"4,95",4,"1,80",1,"0,45",3,"1,35",0,"0,00",3,"1,35",41,"18,46",0,"0,00",0,"0,00",5,"2,25",66,"29,72",0,"0,00",1,"0,45",18,"8,10",0,"0,00",0,"0,00",0,"0,00",0,"0,00",16,"7,20",1,"0,45"
530026,Kuňovice,66,61,61,5,"8,19",0,"0,00",0,"0,00",3,"4,91",0,"0,00",6,"9,83",3,"4,91",0,"0,00",0,"0,00",0,"0,00",0,"0,00",0,"0,00",3,"4,91",0,"0,00",0,"0,00",2,"3,27",28,"45,90",0,"0,00",0,"0,00",7,"11,47",0,"0,00",0,"0,00",1,"1,63",0,"0,00",3,"4,91",0,"0,00"
530051,Lešany,567,371,370,37,"10,00",0,"0,00",0,"0,00",13,"3,51",0,"0,00",31,"8,37",39,"10,54",6,"1,62",1,"0,27",13,"3,51",2,"0,54",1,"0,27",40,"10,81",0,"0,00",0,"0,00",13,"3,51",105,"28,37",0,"0,00",0,"0,00",16,"4,32",0,"0,00",4,"1,08",1,"0,27",1,"0,27",44,"11,89",3,"0,81"
530069,Libež,156,107,107,5,"4,67",2,"1,86",0,"0,00",10,"9,34",0,"0,00",3,"2,80",15,"14,01",0,"0,00",0,"0,00",2,"1,86",0,"0,00",0,"0,00",3,"2,80",0,"0,00",0,"0,00",0,"0,00",42,"39,25",0,"0,00",0,"0,00",8,"7,47",0,"0,00",1,"0,93",1,"0,93",0,"0,00",15,"14,01",0,"0,00"
532258,Litichovice,54,39,39,2,"5,12",0,"0,00",0,"0,00",0,"0,00",0,"0,00",4,"10,25",4,"10,25",1,"2,56",0,"0,00",0,"0,00",0,"0,00",1,"2,56",3,"7,69",0,"0,00",0,"0,00",3,"7,69",10,"25,64",0,"0,00",1,"2,56",6,"15,38",0,"0,00",0,"0,00",0,"0,00",0,"0,00",4,"10,25",0,"0,00"
530093,Loket,456,351,350,24,"6,85",0,"0,00",0,"0,00",31,"8,85",0,"0,00",16,"4,57",28,"8,00",2,"0,57",4,"1,14",6,"1,71",0,"0,00",0,"0,00",46,"13,14",0,"0,00",0,"0,00",19,"5,42",88,"25,14",0,"0,00",0,"0,00",45,"12,85",0,"0,00",1,"0,28",0,"0,00",1,"0,28",39,"11,14",0,"0,00"
530107,Louňovice pod Blaníkem,563,369,365,43,"11,78",2,"0,54",0,"0,00",32,"8,76",0,"0,00",25,"6,84",25,"6,84",4,"1,09",1,"0,27",0,"0,00",0,"0,00",0,"0,00",35,"9,58",1,"0,27",0,"0,00",14,"3,83",138,"37,80",0,"0,00",1,"0,27",20,"5,47",0,"0,00",1,"0,27",0,"0,00",0,"0,00",23,"6,30",0,"0,00"
532193,Lštění,331,225,226,32,"14,15",0,"0,00",0,"0,00",11,"4,86",0,"0,00",24,"10,61",20,"8,84",2,"0,88",1,"0,44",6,"2,65",0,"0,00",1,"0,44",30,"13,27",1,"0,44",1,"0,44",28,"12,38",43,"19,02",0,"0,00",0,"0,00",8,"3,53",0,"0,00",1,"0,44",0,"0,00",0,"0,00",16,"7,07",1,"0,44"
530115,Maršovice,602,421,419,26,"6,20",0,"0,00",0,"0,00",23,"5,48",0,"0,00",35,"8,35",43,"10,26",11,"2,62",2,"0,47",4,"0,95",0,"0,00",0,"0,00",55,"13,12",0,"0,00",0,"0,00",23,"5,48",131,"31,26",0,"0,00",1,"0,23",24,"5,72",0,"0,00",3,"0,71",0,"0,00",2,"0,47",36,"8,59",0,"0,00"
530158,Mezno,297,203,201,20,"9,95",0,"0,00",0,"0,00",18,"8,95",0,"0,00",19,"9,45",24,"11,94",0,"0,00",1,"0,49",11,"5,47",0,"0,00",0,"0,00",18,"8,95",0,"0,00",0,"0,00",3,"1,49",57,"28,35",0,"0,00",0,"0,00",9,"4,47",0,"0,00",3,"1,49",2,"0,99",1,"0,49",14,"6,96",1,"0,49"
530166,Miličín,728,449,449,33,"7,34",0,"0,00",0,"0,00",27,"6,01",0,"0,00",44,"9,79",28,"6,23",6,"1,33",6,"1,33",3,"0,66",0,"0,00",1,"0,22",40,"8,90",1,"0,22",2,"0,44",23,"5,12",176,"39,19",0,"0,00",1,"0,22",21,"4,67",1,"0,22",1,"0,22",0,"0,00",0,"0,00",35,"7,79",0,"0,00"
530174,Miřetice,149,102,100,18,"18,00",0,"0,00",0,"0,00",2,"2,00",0,"0,00",8,"8,00",0,"0,00",0,"0,00",0,"0,00",0,"0,00",0,"0,00",0,"0,00",9,"9,00",0,"0,00",0,"0,00",4,"4,00",34,"34,00",0,"0,00",0,"0,00",7,"7,00",0,"0,00",2,"2,00",1,"1,00",0,"0,00",15,"15,00",0,"0,00"
530191,Mnichovice,184,114,114,8,"7,01",0,"0,00",0,"0,00",9,"7,89",0,"0,00",5,"4,38",16,"14,03",3,"2,63",1,"0,87",0,"0,00",2,"1,75",0,"0,00",10,"8,77",0,"0,00",0,"0,00",0,"0,00",43,"37,71",0,"0,00",0,"0,00",11,"9,64",0,"0,00",0,"0,00",0,"0,00",0,"0,00",6,"5,26",0,"0,00"
530204,Mrač,637,431,429,47,"10,95",0,"0,00",0,"0,00",19,"4,42",0,"0,00",56,"13,05",34,"7,92",12,"2,79",4,"0,93",7,"1,63",0,"0,00",0,"0,00",47,"10,95",0,"0,00",1,"0,23",14,"3,26",140,"32,63",1,"0,23",0,"0,00",8,"1,86",0,"0,00",5,"1,16",1,"0,23",1,"0,23",32,"7,45",0,"0,00"
530212,Načeradec,881,512,509,42,"8,25",1,"0,19",0,"0,00",28,"5,50",1,"0,19",42,"8,25",52,"10,21",2,"0,39",1,"0,19",6,"1,17",1,"0,19",1,"0,19",51,"10,01",0,"0,00",0,"0,00",14,"2,75",182,"35,75",0,"0,00",1,"0,19",34,"6,67",0,"0,00",2,"0,39",2,"0,39",3,"0,58",43,"8,44",0,"0,00"
530263,Nespeky,545,390,388,65,"16,75",0,"0,00",0,"0,00",24,"6,18",0,"0,00",26,"6,70",19,"4,89",6,"1,54",1,"0,25",3,"0,77",0,"0,00",0,"0,00",63,"16,23",0,"0,00",1,"0,25",34,"8,76",116,"29,89",0,"0,00",0,"0,00",8,"2,06",0,"0,00",1,"0,25",0,"0,00",1,"0,25",20,"5,15",0,"0,00"
530298,Netvořice,899,575,573,64,"11,16",1,"0,17",0,"0,00",42,"7,32",0,"0,00",46,"8,02",60,"10,47",6,"1,04",1,"0,17",10,"1,74",1,"0,17",0,"0,00",60,"10,47",0,"0,00",2,"0,34",23,"4,01",189,"32,98",1,"0,17",1,"0,17",8,"1,39",0,"0,00",0,"0,00",0,"0,00",4,"0,69",53,"9,24",1,"0,17"
530301,Neustupov,423,264,263,5,"1,90",0,"0,00",0,"0,00",26,"9,88",0,"0,00",24,"9,12",21,"7,98",3,"1,14",4,"1,52",11,"4,18",0,"0,00",0,"0,00",15,"5,70",2,"0,76",0,"0,00",11,"4,18",98,"37,26",0,"0,00",0,"0,00",9,"3,42",0,"0,00",2,"0,76",1,"0,38",0,"0,00",31,"11,78",0,"0,00"
530310,Neveklov,2080,1238,1218,153,"12,56",2,"0,16",0,"0,00",81,"6,65",1,"0,08",76,"6,23",82,"6,73",21,"1,72",8,"0,65",18,"1,47",3,"0,24",3,"0,24",147,"12,06",1,"0,08",2,"0,16",83,"6,81",376,"30,87",1,"0,08",4,"0,32",39,"3,20",1,"0,08",1,"0,08",2,"0,16",6,"0,49",106,"8,70",1,"0,08"
530344,Olbramovice,991,664,660,44,"6,66",0,"0,00",1,"0,15",41,"6,21",0,"0,00",57,"8,63",61,"9,24",9,"1,36",3,"0,45",1,"0,15",0,"0,00",0,"0,00",49,"7,42",4,"0,60",0,"0,00",28,"4,24",285,"43,18",1,"0,15",0,"0,00",20,"3,03",0,"0,00",7,"1,06",2,"0,30",1,"0,15",43,"6,51",3,"0,45"
599395,Ostrov,52,32,30,2,"6,66",0,"0,00",0,"0,00",0,"0,00",0,"0,00",3,"10,00",4,"13,33",0,"0,00",0,"0,00",0,"0,00",0,"0,00",1,"3,33",5,"16,66",0,"0,00",0,"0,00",0,"0,00",10,"33,33",0,"0,00",0,"0,00",1,"3,33",0,"0,00",1,"3,33",0,"0,00",0,"0,00",3,"10,00",0,"0,00"
530352,Ostředek,292,206,205,18,"8,78",0,"0,00",0,"0,00",15,"7,31",0,"0,00",18,"8,78",6,"2,92",2,"0,97",8,"3,90",3,"1,46",1,"0,48",0,"0,00",25,"12,19",0,"0,00",1,"0,48",12,"5,85",75,"36,58",0,"0,00",0,"0,00",12,"5,85",0,"0,00",0,"0,00",0,"0,00",0,"0,00",9,"4,39",0,"0,00"
533076,Pavlovice,168,121,119,4,"3,36",2,"1,68",0,"0,00",13,"10,92",0,"0,00",6,"5,04",15,"12,60",2,"1,68",4,"3,36",2,"1,68",0,"0,00",0,"0,00",6,"5,04",0,"0,00",0,"0,00",4,"3,36",37,"31,09",0,"0,00",1,"0,84",10,"8,40",0,"0,00",0,"0,00",0,"0,00",0,"0,00",13,"10,92",0,"0,00"
530409,Petroupim,243,161,161,21,"13,04",2,"1,24",0,"0,00",13,"8,07",0,"0,00",22,"13,66",6,"3,72",3,"1,86",2,"1,24",0,"0,00",1,"0,62",0,"0,00",13,"8,07",0,"0,00",0,"0,00",5,"3,10",61,"37,88",0,"0,00",3,"1,86",2,"1,24",0,"0,00",1,"0,62",0,"0,00",0,"0,00",6,"3,72",0,"0,00"
532649,Popovice,233,157,155,13,"8,38",0,"0,00",0,"0,00",15,"9,67",0,"0,00",10,"6,45",18,"11,61",2,"1,29",1,"0,64",1,"0,64",0,"0,00",0,"0,00",16,"10,32",0,"0,00",1,"0,64",3,"1,93",51,"32,90",0,"0,00",0,"0,00",5,"3,22",0,"0,00",0,"0,00",0,"0,00",0,"0,00",19,"12,25",0,"0,00"
530441,Poříčí nad Sázavou,987,671,669,102,"15,24",0,"0,00",0,"0,00",46,"6,87",0,"0,00",63,"9,41",24,"3,58",7,"1,04",3,"0,44",9,"1,34",0,"0,00",0,"0,00",51,"7,62",0,"0,00",1,"0,14",54,"8,07",211,"31,53",2,"0,29",0,"0,00",20,"2,98",0,"0,00",2,"0,29",2,"0,29",0,"0,00",69,"10,31",3,"0,44"
530450,Postupice,1030,662,653,68,"10,41",0,"0,00",0,"0,00",30,"4,59",2,"0,30",70,"10,71",42,"6,43",7,"1,07",3,"0,45",4,"0,61",0,"0,00",0,"0,00",76,"11,63",0,"0,00",2,"0,30",17,"2,60",255,"39,05",0,"0,00",0,"0,00",20,"3,06",0,"0,00",10,"1,53",1,"0,15",2,"0,30",41,"6,27",3,"0,45"
530476,Pravonín,447,290,289,26,"8,99",0,"0,00",0,"0,00",19,"6,57",0,"0,00",22,"7,61",30,"10,38",2,"0,69",0,"0,00",9,"3,11",0,"0,00",0,"0,00",29,"10,03",0,"0,00",0,"0,00",6,"2,07",95,"32,87",0,"0,00",0,"0,00",11,"3,80",0,"0,00",6,"2,07",0,"0,00",0,"0,00",34,"11,76",0,"0,00"
530492,Přestavlky u Čerčan,296,222,221,39,"17,64",1,"0,45",0,"0,00",13,"5,88",0,"0,00",10,"4,52",10,"4,52",2,"0,90",4,"1,80",1,"0,45",0,"0,00",0,"0,00",24,"10,85",1,"0,45",0,"0,00",15,"6,78",82,"37,10",0,"0,00",0,"0,00",7,"3,16",0,"0,00",0,"0,00",0,"0,00",1,"0,45",10,"4,52",1,"0,45"
530514,Psáře,113,69,69,10,"14,49",0,"0,00",0,"0,00",5,"7,24",0,"0,00",7,"10,14",7,"10,14",1,"1,44",0,"0,00",1,"1,44",0,"0,00",0,"0,00",7,"10,14",0,"0,00",0,"0,00",3,"4,34",13,"18,84",0,"0,00",0,"0,00",6,"8,69",0,"0,00",0,"0,00",1,"1,44",0,"0,00",8,"11,59",0,"0,00"
538680,Pyšely,1399,1014,1008,175,"17,36",0,"0,00",1,"0,09",60,"5,95",0,"0,00",135,"13,39",40,"3,96",16,"1,58",7,"0,69",18,"1,78",1,"0,09",3,"0,29",146,"14,48",1,"0,09",3,"0,29",73,"7,24",223,"22,12",0,"0,00",0,"0,00",27,"2,67",0,"0,00",7,"0,69",0,"0,00",0,"0,00",70,"6,94",2,"0,19"
530522,Rabyně,235,168,168,38,"22,61",1,"0,59",0,"0,00",9,"5,35",0,"0,00",11,"6,54",11,"6,54",0,"0,00",2,"1,19",1,"0,59",0,"0,00",0,"0,00",19,"11,30",0,"0,00",0,"0,00",9,"5,35",41,"24,40",0,"0,00",0,"0,00",8,"4,76",0,"0,00",0,"0,00",0,"0,00",0,"0,00",15,"8,92",3,"1,78"
530531,Radošovice,296,184,183,19,"10,38",1,"0,54",0,"0,00",8,"4,37",0,"0,00",20,"10,92",16,"8,74",0,"0,00",2,"1,09",6,"3,27",0,"0,00",0,"0,00",16,"8,74",1,"0,54",0,"0,00",10,"5,46",38,"20,76",0,"0,00",0,"0,00",33,"18,03",0,"0,00",1,"0,54",1,"0,54",0,"0,00",11,"6,01",0,"0,00"
530549,Rataje,140,104,104,8,"7,69",0,"0,00",0,"0,00",10,"9,61",0,"0,00",10,"9,61",11,"10,57",2,"1,92",2,"1,92",0,"0,00",0,"0,00",0,"0,00",6,"5,76",0,"0,00",0,"0,00",3,"2,88",28,"26,92",0,"0,00",0,"0,00",12,"11,53",0,"0,00",0,"0,00",0,"0,00",0,"0,00",12,"11,53",0,"0,00"
532550,Ratměřice,238,156,155,18,"11,61",0,"0,00",0,"0,00",7,"4,51",1,"0,64",35,"22,58",10,"6,45",2,"1,29",0,"0,00",1,"0,64",0,"0,00",0,"0,00",10,"6,45",0,"0,00",0,"0,00",12,"7,74",41,"26,45",0,"0,00",0,"0,00",4,"2,58",0,"0,00",1,"0,64",0,"0,00",3,"1,93",10,"6,45",0,"0,00"
538710,Řehenice,366,252,252,34,"13,49",0,"0,00",0,"0,00",15,"5,95",0,"0,00",26,"10,31",8,"3,17",2,"0,79",4,"1,58",2,"0,79",0,"0,00",0,"0,00",48,"19,04",1,"0,39",1,"0,39",20,"7,93",69,"27,38",0,"0,00",0,"0,00",4,"1,58",0,"0,00",1,"0,39",0,"0,00",0,"0,00",17,"6,74",0,"0,00"
532941,Řimovice,180,108,108,7,"6,48",0,"0,00",0,"0,00",5,"4,62",0,"0,00",8,"7,40",10,"9,25",1,"0,92",1,"0,92",1,"0,92",0,"0,00",0,"0,00",18,"16,66",0,"0,00",0,"0,00",6,"5,55",27,"25,00",0,"0,00",0,"0,00",9,"8,33",0,"0,00",0,"0,00",0,"0,00",0,"0,00",15,"13,88",0,"0,00"
534382,Sázava,3090,1881,1867,216,"11,56",5,"0,26",2,"0,10",203,"10,87",2,"0,10",193,"10,33",155,"8,30",27,"1,44",7,"0,37",22,"1,17",3,"0,16",4,"0,21",180,"9,64",0,"0,00",5,"0,26",78,"4,17",515,"27,58",1,"0,05",4,"0,21",37,"1,98",0,"0,00",7,"0,37",9,"0,48",5,"0,26",182,"9,74",5,"0,26"
532231,Slověnice,31,22,22,3,"13,63",0,"0,00",0,"0,00",1,"4,54",0,"0,00",0,"0,00",3,"13,63",0,"0,00",0,"0,00",0,"0,00",0,"0,00",0,"0,00",1,"4,54",0,"0,00",0,"0,00",0,"0,00",8,"36,36",0,"0,00",0,"0,00",2,"9,09",0,"0,00",0,"0,00",0,"0,00",0,"0,00",4,"18,18",0,"0,00"
530611,Smilkov,231,146,144,3,"2,08",0,"0,00",0,"0,00",15,"10,41",0,"0,00",14,"9,72",17,"11,80",1,"0,69",1,"0,69",0,"0,00",0,"0,00",0,"0,00",8,"5,55",0,"0,00",0,"0,00",1,"0,69",62,"43,05",0,"0,00",0,"0,00",10,"6,94",0,"0,00",0,"0,00",0,"0,00",0,"0,00",12,"8,33",0,"0,00"
532436,Snět,89,64,64,11,"17,18",0,"0,00",0,"0,00",3,"4,68",0,"0,00",2,"3,12",1,"1,56",0,"0,00",0,"0,00",0,"0,00",0,"0,00",0,"0,00",11,"17,18",0,"0,00",0,"0,00",1,"1,56",21,"32,81",0,"0,00",0,"0,00",8,"12,50",0,"0,00",0,"0,00",0,"0,00",0,"0,00",6,"9,37",0,"0,00"
530638,Soběhrdy,319,227,225,23,"10,22",0,"0,00",0,"0,00",17,"7,55",0,"0,00",24,"10,66",12,"5,33",2,"0,88",1,"0,44",2,"0,88",2,"0,88",0,"0,00",25,"11,11",0,"0,00",0,"0,00",14,"6,22",74,"32,88",0,"0,00",0,"0,00",9,"4,00",0,"0,00",2,"0,88",1,"0,44",1,"0,44",16,"7,11",0,"0,00"
599387,Soutice,219,146,146,6,"4,10",0,"0,00",0,"0,00",14,"9,58",0,"0,00",11,"7,53",8,"5,47",1,"0,68",1,"0,68",4,"2,73",0,"0,00",0,"0,00",8,"5,47",0,"0,00",0,"0,00",2,"1,36",70,"47,94",0,"0,00",0,"0,00",4,"2,73",0,"0,00",0,"0,00",3,"2,05",0,"0,00",14,"9,58",0,"0,00"
599379,Stranný,82,51,51,6,"11,76",0,"0,00",0,"0,00",7,"13,72",0,"0,00",5,"9,80",6,"11,76",0,"0,00",0,"0,00",0,"0,00",0,"0,00",0,"0,00",4,"7,84",0,"0,00",0,"0,00",5,"9,80",13,"25,49",0,"0,00",0,"0,00",0,"0,00",0,"0,00",1,"1,96",0,"0,00",0,"0,00",3,"5,88",1,"1,96"
599361,Strojetice,103,77,76,1,"1,31",0,"0,00",0,"0,00",8,"10,52",0,"0,00",7,"9,21",10,"13,15",1,"1,31",2,"2,63",1,"1,31",0,"0,00",0,"0,00",8,"10,52",0,"0,00",0,"0,00",4,"5,26",23,"30,26",0,"0,00",1,"1,31",3,"3,94",0,"0,00",1,"1,31",0,"0,00",0,"0,00",6,"7,89",0,"0,00"
530689,Struhařov,670,461,459,59,"12,85",1,"0,21",2,"0,43",24,"5,22",0,"0,00",32,"6,97",35,"7,62",7,"1,52",2,"0,43",5,"1,08",0,"0,00",1,"0,21",48,"10,45",0,"0,00",1,"0,21",15,"3,26",180,"39,21",0,"0,00",0,"0,00",10,"2,17",0,"0,00",2,"0,43",0,"0,00",1,"0,21",31,"6,75",3,"0,65"
530701,Střezimíř,263,174,174,12,"6,89",0,"0,00",0,"0,00",5,"2,87",0,"0,00",17,"9,77",12,"6,89",1,"0,57",2,"1,14",6,"3,44",0,"0,00",0,"0,00",16,"9,19",0,"0,00",0,"0,00",1,"0,57",76,"43,67",0,"0,00",0,"0,00",7,"4,02",1,"0,57",0,"0,00",0,"0,00",0,"0,00",18,"10,34",0,"0,00"
530719,Studený,82,54,54,8,"14,81",1,"1,85",0,"0,00",3,"5,55",0,"0,00",8,"14,81",7,"12,96",0,"0,00",0,"0,00",0,"0,00",0,"0,00",0,"0,00",2,"3,70",0,"0,00",0,"0,00",0,"0,00",18,"33,33",1,"1,85",0,"0,00",5,"9,25",0,"0,00",0,"0,00",0,"0,00",0,"0,00",1,"1,85",0,"0,00"
532509,Šetějovice,48,38,38,3,"7,89",0,"0,00",0,"0,00",4,"10,52",0,"0,00",4,"10,52",1,"2,63",0,"0,00",0,"0,00",0,"0,00",0,"0,00",0,"0,00",1,"2,63",0,"0,00",0,"0,00",1,"2,63",15,"39,47",0,"0,00",0,"0,00",5,"13,15",0,"0,00",0,"0,00",0,"0,00",0,"0,00",4,"10,52",0,"0,00"
530751,Tehov,249,165,165,3,"1,81",0,"0,00",0,"0,00",21,"12,72",0,"0,00",13,"7,87",15,"9,09",1,"0,60",2,"1,21",0,"0,00",0,"0,00",0,"0,00",11,"6,66",0,"0,00",0,"0,00",8,"4,84",56,"33,93",0,"0,00",0,"0,00",7,"4,24",0,"0,00",1,"0,60",0,"0,00",0,"0,00",26,"15,75",1,"0,60"
530760,Teplýšovice,383,289,288,22,"7,63",0,"0,00",0,"0,00",25,"8,68",0,"0,00",41,"14,23",17,"5,90",6,"2,08",2,"0,69",3,"1,04",0,"0,00",0,"0,00",26,"9,02",0,"0,00",1,"0,34",4,"1,38",96,"33,33",0,"0,00",1,"0,34",24,"8,33",0,"0,00",3,"1,04",0,"0,00",0,"0,00",17,"5,90",0,"0,00"
530778,Tichonice,179,137,137,16,"11,67",0,"0,00",0,"0,00",14,"10,21",0,"0,00",5,"3,64",9,"6,56",0,"0,00",0,"0,00",5,"3,64",1,"0,72",0,"0,00",10,"7,29",1,"0,72",0,"0,00",5,"3,64",50,"36,49",0,"0,00",0,"0,00",2,"1,45",0,"0,00",0,"0,00",6,"4,37",0,"0,00",13,"9,48",0,"0,00"
532592,Tisem,184,128,128,8,"6,25",0,"0,00",0,"0,00",15,"11,71",0,"0,00",12,"9,37",7,"5,46",3,"2,34",0,"0,00",1,"0,78",0,"0,00",0,"0,00",12,"9,37",0,"0,00",0,"0,00",6,"4,68",42,"32,81",0,"0,00",0,"0,00",3,"2,34",0,"0,00",0,"0,00",0,"0,00",0,"0,00",19,"14,84",0,"0,00"
532541,Tomice,105,75,75,4,"5,33",0,"0,00",0,"0,00",4,"5,33",0,"0,00",2,"2,66",8,"10,66",0,"0,00",0,"0,00",2,"2,66",1,"1,33",0,"0,00",2,"2,66",0,"0,00",0,"0,00",0,"0,00",26,"34,66",0,"0,00",0,"0,00",13,"17,33",0,"0,00",0,"0,00",0,"0,00",1,"1,33",12,"16,00",0,"0,00"
530816,Trhový Štěpánov,1029,643,634,62,"9,77",0,"0,00",1,"0,15",42,"6,62",0,"0,00",48,"7,57",40,"6,30",5,"0,78",7,"1,10",6,"0,94",0,"0,00",0,"0,00",59,"9,30",0,"0,00",0,"0,00",25,"3,94",217,"34,22",0,"0,00",2,"0,31",45,"7,09",0,"0,00",6,"0,94",1,"0,15",2,"0,31",66,"10,41",0,"0,00"
532304,Třebešice,82,68,68,13,"19,11",0,"0,00",0,"0,00",3,"4,41",0,"0,00",8,"11,76",5,"7,35",1,"1,47",0,"0,00",1,"1,47",0,"0,00",0,"0,00",15,"22,05",0,"0,00",0,"0,00",3,"4,41",14,"20,58",0,"0,00",0,"0,00",2,"2,94",0,"0,00",0,"0,00",0,"0,00",0,"0,00",3,"4,41",0,"0,00"
530841,Týnec nad Sázavou,4550,2943,2922,295,"10,09",5,"0,17",0,"0,00",175,"5,98",4,"0,13",272,"9,30",265,"9,06",33,"1,12",33,"1,12",36,"1,23",0,"0,00",5,"0,17",307,"10,50",3,"0,10",5,"0,17",104,"3,55",999,"34,18",1,"0,03",8,"0,27",55,"1,88",0,"0,00",9,"0,30",4,"0,13",20,"0,68",272,"9,30",12,"0,41"
532061,Václavice,455,290,289,30,"10,38",0,"0,00",0,"0,00",27,"9,34",0,"0,00",41,"14,18",12,"4,15",0,"0,00",1,"0,34",13,"4,49",0,"0,00",0,"0,00",32,"11,07",0,"0,00",1,"0,34",5,"1,73",85,"29,41",0,"0,00",1,"0,34",10,"3,46",0,"0,00",4,"1,38",1,"0,34",2,"0,69",21,"7,26",3,"1,03"
530867,Veliš,270,189,189,9,"4,76",0,"0,00",0,"0,00",9,"4,76",0,"0,00",16,"8,46",15,"7,93",0,"0,00",2,"1,05",1,"0,52",0,"0,00",1,"0,52",6,"3,17",0,"0,00",0,"0,00",8,"4,23",71,"37,56",0,"0,00",1,"0,52",23,"12,16",0,"0,00",0,"0,00",2,"1,05",0,"0,00",25,"13,22",0,"0,00"
530883,Vlašim,9453,5687,5644,504,"8,92",9,"0,15",8,"0,14",534,"9,46",2,"0,03",368,"6,52",465,"8,23",57,"1,00",32,"0,56",61,"1,08",2,"0,03",2,"0,03",525,"9,30",2,"0,03",2,"0,03",216,"3,82",1862,"32,99",2,"0,03",7,"0,12",309,"5,47",3,"0,05",30,"0,53",12,"0,21",8,"0,14",610,"10,80",12,"0,21"
532614,Vodslivy,84,43,43,5,"11,62",0,"0,00",0,"0,00",3,"6,97",0,"0,00",1,"2,32",0,"0,00",0,"0,00",1,"2,32",2,"4,65",1,"2,32",0,"0,00",4,"9,30",0,"0,00",0,"0,00",2,"4,65",10,"23,25",0,"0,00",0,"0,00",5,"11,62",0,"0,00",0,"0,00",0,"0,00",1,"2,32",8,"18,60",0,"0,00"
530891,Vojkov,427,250,249,21,"8,43",1,"0,40",1,"0,40",23,"9,23",1,"0,40",15,"6,02",23,"9,23",2,"0,80",1,"0,40",1,"0,40",0,"0,00",0,"0,00",27,"10,84",0,"0,00",0,"0,00",7,"2,81",90,"36,14",1,"0,40",0,"0,00",14,"5,62",2,"0,80",3,"1,20",0,"0,00",0,"0,00",16,"6,42",0,"0,00"
530905,Votice,3676,2230,2219,208,"9,37",4,"0,18",0,"0,00",196,"8,83",1,"0,04",182,"8,20",167,"7,52",15,"0,67",15,"0,67",34,"1,53",7,"0,31",2,"0,09",231,"10,41",1,"0,04",0,"0,00",90,"4,05",779,"35,10",0,"0,00",4,"0,18",74,"3,33",1,"0,04",10,"0,45",4,"0,18",3,"0,13",187,"8,42",4,"0,18"
530913,Vracovice,326,201,199,14,"7,03",1,"0,50",0,"0,00",14,"7,03",0,"0,00",15,"7,53",9,"4,52",0,"0,00",3,"1,50",6,"3,01",0,"0,00",0,"0,00",22,"11,05",0,"0,00",0,"0,00",10,"5,02",67,"33,66",3,"1,50",0,"0,00",22,"11,05",0,"0,00",0,"0,00",1,"0,50",0,"0,00",12,"6,03",0,"0,00"
530921,Vranov,332,244,244,29,"11,88",0,"0,00",0,"0,00",11,"4,50",0,"0,00",26,"10,65",21,"8,60",2,"0,81",1,"0,40",3,"1,22",1,"0,40",1,"0,40",28,"11,47",0,"0,00",1,"0,40",14,"5,73",80,"32,78",1,"0,40",0,"0,00",14,"5,73",0,"0,00",0,"0,00",0,"0,00",0,"0,00",11,"4,50",0,"0,00"
530948,Vrchotovy Janovice,785,492,488,24,"4,91",1,"0,20",0,"0,00",39,"7,99",0,"0,00",49,"10,04",38,"7,78",7,"1,43",6,"1,22",3,"0,61",1,"0,20",1,"0,20",54,"11,06",0,"0,00",0,"0,00",19,"3,89",174,"35,65",0,"0,00",2,"0,40",12,"2,45",0,"0,00",3,"0,61",1,"0,20",1,"0,20",52,"10,65",1,"0,20"
532266,Všechlapy,84,65,64,17,"26,56",0,"0,00",0,"0,00",4,"6,25",0,"0,00",6,"9,37",5,"7,81",0,"0,00",0,"0,00",0,"0,00",0,"0,00",0,"0,00",7,"10,93",0,"0,00",0,"0,00",7,"10,93",11,"17,18",0,"0,00",0,"0,00",1,"1,56",0,"0,00",0,"0,00",0,"0,00",0,"0,00",6,"9,37",0,"0,00"
513482,Vysoký Újezd,163,113,113,20,"17,69",0,"0,00",0,"0,00",11,"9,73",0,"0,00",1,"0,88",12,"10,61",3,"2,65",5,"4,42",4,"3,53",1,"0,88",0,"0,00",3,"2,65",0,"0,00",0,"0,00",8,"7,07",30,"26,54",0,"0,00",0,"0,00",2,"1,76",0,"0,00",8,"7,07",0,"0,00",1,"0,88",4,"3,53",0,"0,00"
571415,Xaverov,49,36,36,3,"8,33",0,"0,00",0,"0,00",6,"16,66",0,"0,00",10,"27,77",4,"11,11",0,"0,00",0,"0,00",0,"0,00",0,"0,00",0,"0,00",5,"13,88",0,"0,00",0,"0,00",0,"0,00",3,"8,33",0,"0,00",0,"0,00",4,"11,11",0,"0,00",0,"0,00",0,"0,00",0,"0,00",1,"2,77",0,"0,00"
531022,Zdislavice,462,320,318,18,"5,66",1,"0,31",0,"0,00",23,"7,23",0,"0,00",25,"7,86",34,"10,69",2,"0,62",1,"0,31",7,"2,20",0,"0,00",0,"0,00",24,"7,54",0,"0,00",0,"0,00",10,"3,14",120,"37,73",0,"0,00",0,"0,00",24,"7,54",0,"0,00",6,"1,88",0,"0,00",1,"0,31",22,"6,91",0,"0,00"
531049,Zvěstov,303,178,178,20,"11,23",0,"0,00",0,"0,00",16,"8,98",0,"0,00",21,"11,79",6,"3,37",1,"0,56",2,"1,12",4,"2,24",0,"0,00",0,"0,00",10,"5,61",0,"0,00",0,"0,00",6,"3,37",65,"36,51",0,"0,00",0,"0,00",10,"5,61",0,"0,00",1,"0,56",0,"0,00",0,"0,00",15,"8,42",1,"0,56"
